City,Cloudiness,Country,Date,Humidity,Lat,Lng,Max Temp,Wind Speed
Alugan,92,PH,1545560191,100,12.22,125.48,76.45,4.63
Oume,90,CI,1545555600,94,6.38,-5.42,75.2,4.7
Hobart,75,AU,1545557400,45,-42.88,147.33,68,8.05
Labuhan,56,ID,1545560197,58,-2.54,115.51,85.9,4.79
Jamestown,68,SH,1545560163,100,-15.94,-5.72,70.51,15.3
New Norfolk,75,AU,1545557400,45,-42.78,147.06,68,8.05
Nieuw Amsterdam,40,SR,1545559200,88,5.88,-55.08,77,11.39
Hvide Sande,75,DK,1545558600,100,56.01,8.13,42.8,3.36
Channel-Port aux Basques,20,CA,1545560208,89,47.57,-59.14,40.9,19.1
Khatanga,80,RU,1545560210,72,71.98,102.47,-10.63,23.09
Bethel,90,US,1545558960,86,60.79,-161.76,6.98,12.75
Hermanus,64,ZA,1545560216,64,-34.42,19.24,77.76,3.56
Haines Junction,64,CA,1545560218,80,60.75,-137.51,-1.22,2.28
Cabinda,32,AO,1545560227,99,-5.56,12.19,79.11,2.1
Ushuaia,20,AR,1545559200,57,-54.81,-68.31,48.2,13.8
Tiksi,0,RU,1545560231,0,71.64,128.87,-44.06,3.29
Mar del Plata,0,AR,1545560166,58,-46.43,-67.52,58.23,16.42
Severo-Kurilsk,0,RU,1545560235,100,50.68,156.12,22.72,4.85
Vaini,75,TO,1545559200,88,-21.2,-175.2,80.6,6.93
Bluff,0,NZ,1545560240,100,-46.6,168.33,58.23,8.14
Atbasar,76,KZ,1545560242,83,51.81,68.36,3.15,4.63
Usinsk,48,RU,1545560244,85,66,57.56,3.1,13.85
Kinkala,40,CG,1545555600,83,-4.35,14.75,77,3.36
Georgetown,92,SH,1545560248,100,-7.93,-14.42,76.09,15.93
Kahului,1,US,1545558960,78,20.89,-156.47,75.02,11.41
Yulara,0,AU,1545559200,6,-25.24,130.99,91.4,9.17
Dikson,88,RU,1545560255,99,73.51,80.55,20.43,27.89
Mahanoro,56,MG,1545560257,75,-19.9,48.8,82.75,3.33
Margate,92,ZA,1545560259,100,-30.86,30.37,72.4,21.23
Carson City,75,US,1545558900,73,39.16,-119.77,35.96,6.58
Vila Velha,92,BR,1545560263,100,-3.71,-38.6,76.45,12.91
Salalah,0,OM,1545558600,32,17.01,54.1,84.2,19.46
Bandarbeyla,0,SO,1545560267,99,9.49,50.81,78.75,24.09
Albany,75,AU,1545559200,68,-35.02,117.88,66.2,10.29
Longyearbyen,75,SJ,1545558600,56,78.22,15.64,12.2,17.22
Iqaluit,90,CA,1545555600,75,63.75,-68.52,-16.61,28.86
Nemuro,75,JP,1545555600,96,43.32,145.57,32,5.82
Lillooet,75,CA,1545555600,85,50.69,-121.94,23,13.87
Zhezkazgan,0,KZ,1545559200,50,47.8,67.71,8.6,2.24
Rikitea,64,PF,1545560285,100,-23.12,-134.97,78.03,14.97
Puerto Madero,5,MX,1545558060,100,14.72,-92.42,68,2.21
Hilo,90,US,1545558780,93,19.71,-155.08,69.98,15.97
Lagoa,0,PT,1545557400,76,37.14,-8.45,57.2,9.17
Thompson,90,CA,1545555600,70,55.74,-97.86,-4.01,5.82
Kodiak,1,US,1545558900,88,39.95,-94.76,33.08,8.05
Busselton,0,AU,1545560298,77,-33.64,115.35,75.1,21.07
Awbari,92,LY,1545560300,68,26.59,12.77,49.41,7.76
Taoudenni,0,ML,1545560304,37,22.68,-3.98,55.93,16.15
Barrow,75,US,1545558900,97,39.51,-90.4,30.92,5.08
Bilibino,24,RU,1545560310,0,68.06,166.44,-42.71,2.33
Kasane,40,BW,1545559200,40,-17.8,25.16,89.6,4.7
Chuy,88,UY,1545560315,94,-33.69,-53.46,65.47,5.79
Punta Arenas,0,CL,1545559200,57,-53.16,-70.91,48.2,19.46
Estreito,0,BR,1545559200,74,-22.44,-42.8,82.4,8.05
Neftegorsk,92,RU,1545560321,86,52.8,51.16,10.8,9.15
Kapaa,75,US,1545558960,84,22.08,-159.32,73.94,8.05
Qaanaaq,24,GL,1545560325,81,77.48,-69.36,-13.64,4.79
Faanui,68,PF,1545560327,98,-16.48,-151.75,84.06,15.64
Hasaki,75,JP,1545559200,100,35.73,140.83,50,9.17
Cape Town,75,ZA,1545559200,73,-33.93,18.42,75.2,14.99
Minggang,0,CN,1545560338,58,32.45,114.03,45.81,9.89
Saint-Philippe,75,RE,1545559200,62,-21.36,55.77,87.8,10.29
Port Alfred,0,ZA,1545560342,71,-33.59,26.89,79.69,13.47
Bend,1,US,1545558960,85,44.06,-121.32,37.4,8.05
Atkarsk,76,RU,1545560346,93,51.88,45.01,15.93,10.27
Platanos,40,GR,1545558600,72,35.47,23.6,62.6,17.22
Phan Thiet,56,VN,1545560202,100,10.93,108.1,76.27,4.74
Narsaq,92,GL,1545560353,95,60.91,-46.05,28.26,7.43
Hudiksvall,32,SE,1545560355,100,61.73,17.1,20.38,12.57
Stayner,90,CA,1545559200,86,44.42,-80.09,26.6,2.24
Umm Kaddadah,0,SD,1545560359,28,13.6,26.69,66.73,15.86
Honningsvag,68,NO,1545560363,100,70.98,25.97,25.56,13.18
Port Hardy,90,CA,1545556440,93,50.7,-127.42,42.8,19.46
Padang,20,ID,1545559200,74,-0.92,100.36,84.2,5.82
Mattru,0,SL,1545560372,61,7.62,-11.83,83.2,3.78
Yellowknife,90,CA,1545555600,84,62.45,-114.38,3.2,4.7
Tuatapere,0,NZ,1545560380,100,-46.13,167.69,53.5,7.02
Atuona,80,PF,1545560382,99,-9.8,-139.03,81.85,18.43
Tarauaca,32,BR,1545560385,97,-8.16,-70.77,72.45,2.55
Bredasdorp,12,ZA,1545559200,51,-34.53,20.04,84.2,10.29
Sault Sainte Marie,75,CA,1545559200,85,46.49,-84.36,14,5.82
Xining,0,CN,1545560378,32,36.62,101.77,29.83,2.33
Gazanjyk,56,TM,1545560393,100,39.24,55.52,33.66,4.07
Aswan,12,EG,1545560395,52,24.09,32.9,68.76,9.37
Castro,32,CL,1545559200,100,-42.48,-73.76,42.8,2.24
Saskylakh,56,RU,1545560404,46,71.97,114.09,-28.67,13.06
Totma,68,RU,1545560406,83,59.98,42.76,5.4,9.15
Samarai,76,PG,1545560408,100,-10.62,150.67,83.61,10.45
Sandwick,92,GB,1545555000,100,54.57,-2.89,39.2,2.24
Ketchikan,90,US,1545558960,92,55.34,-131.65,39.92,11.39
Norden,75,DE,1545558900,100,53.59,7.21,44.6,10.29
Esperance,56,AU,1545559200,77,-33.86,121.89,68,18.34
Mount Isa,0,AU,1545559200,9,-20.73,139.49,95,11.41
Tiznit,0,MA,1545560251,81,29.7,-9.73,54,6.58
Linjiang,0,CN,1545560427,66,41.81,126.91,1.3,4.07
Bundaberg,0,AU,1545559200,73,-24.87,152.35,71.6,14.99
Kruisfontein,0,ZA,1545560431,80,-34,24.73,73.71,3.78
Nome,90,US,1545560100,100,30.04,-94.42,62.6,7.92
Isverna,0,RO,1545560436,69,44.98,22.63,42.75,8.14
Kloulklubed,75,PW,1545558600,88,7.04,134.26,80.6,5.82
Port-Cartier,90,CA,1545555600,67,50.03,-66.88,21.2,16.11
Pevek,12,RU,1545560442,100,69.7,170.27,-32.45,6.35
Amalapuram,40,IN,1545559200,54,16.58,82,82.4,8.05
Talara,48,PE,1545560447,84,-4.58,-81.27,71.5,4.85
Tasiilaq,92,GL,1545558600,79,65.61,-37.64,26.6,8.05
Nanortalik,92,GL,1545560451,91,60.14,-45.24,35.01,18.61
Dutlwe,32,BW,1545560453,44,-23.98,23.93,88.69,10.94
Avarua,75,CK,1545555600,78,-21.21,-159.78,80.6,13.87
Ugoofaaru,36,MV,1545560458,100,5.67,73,82.71,5.41
Le Port,75,RE,1545559200,70,-20.94,55.29,87.8,9.17
Yizheng,0,CN,1545560462,60,24.67,103.43,58.54,6.24
Saint George,75,BM,1545558900,82,32.38,-64.68,66.2,5.82
Waingapu,80,ID,1545560466,81,-9.65,120.26,80.1,6.53
Ponta do Sol,92,CV,1545559200,78,17.2,-25.09,75.2,12.75
Luderitz,0,NA,1545560470,86,-26.65,15.16,65.74,13.91
Bang Saphan,20,TH,1545559200,70,11.21,99.51,86,3.36
Oistins,75,BB,1545559200,83,13.07,-59.53,75.2,20.8
College,20,US,1545558960,66,64.86,-147.8,-14.08,2.73
Dehui,0,CN,1545559200,47,44.53,125.71,12.2,11.18
Sitka,0,US,1545560486,85,37.17,-99.65,28.39,8.03
Ribeira Grande,20,PT,1545557400,76,38.52,-28.7,55.4,13.87
Prince Rupert,90,CA,1545559200,56,54.32,-130.32,44.6,5.82
Butaritari,92,KI,1545560492,100,3.07,172.79,83.43,8.88
Cabo San Lucas,12,MX,1545560494,100,22.89,-109.91,71.28,8.37
Moron,0,MN,1545560496,52,47.38,110.32,1.66,8.03
Paraiso,8,MX,1545560501,64,24.01,-104.61,31.27,2.77
Chokurdakh,56,RU,1545560503,62,70.62,147.9,-33.8,3.11
Tuktoyaktuk,80,CA,1545560505,95,69.44,-133.03,6.97,9.82
Westport,64,NZ,1545560507,93,-41.75,171.6,57.51,2.55
Vao,76,NC,1545560509,95,-22.67,167.48,80.01,9.93
Kedrovyy,40,RU,1545559200,83,56.17,91.82,-5.81,2.24
Barinas,20,VE,1545560514,75,8.64,-70.23,68.4,2.89
Cortez,1,US,1545558780,70,37.35,-108.58,19.04,5.82
Rocha,20,UY,1545560518,92,-34.48,-54.34,53.32,2.73
Van Buren,75,US,1545558960,61,47.16,-67.94,26.06,10.29
Arlit,0,NE,1545560522,75,18.74,7.39,60.52,4.79
Timbiras,92,BR,1545560524,98,-4.26,-43.94,71.73,2.55
Bulaevo,80,KZ,1545560526,80,54.91,70.44,1.84,12.95
Puerto Ayora,92,EC,1545560528,100,-0.74,-90.35,74.43,8.43
Lebu,0,CL,1545560531,100,-37.62,-73.65,55.03,19.84
Bima,88,ID,1545560533,76,-8.45,118.73,82.75,2.55
Port Hedland,0,AU,1545559200,52,-20.31,118.58,89.6,14.99
Coihaique,0,CL,1545559200,62,-45.58,-72.07,53.6,3.36
Kikwit,92,CD,1545560539,99,-5.04,18.82,72.36,9.6
Mayo,5,CA,1545559200,74,63.59,-135.9,-27.41,2.73
Yatou,0,CN,1545560544,48,33.81,104.32,31,1.5
Gorom-Gorom,0,BF,1545560546,37,14.45,-0.24,67.18,12.95
Baft,0,IR,1545560548,23,29.23,56.61,45.81,7.65
Coquimbo,20,CL,1545559200,87,-29.95,-71.34,55.4,1.39
Bull Savanna,56,JM,1545560554,89,17.89,-77.59,69.88,3.56
Inirida,48,CO,1545560556,98,3.87,-67.92,72.45,2.21
Hithadhoo,0,MV,1545560559,100,-0.6,73.08,82.12,5.64
Fairbanks,20,US,1545558960,66,64.84,-147.72,-14.08,2.73
Ilulissat,80,GL,1545558600,92,69.22,-51.1,23,12.75
Adrar,0,DZ,1545555600,57,27.87,-0.29,50,16.11
Lavrentiya,36,RU,1545560569,100,65.58,-170.99,4.81,17.38
Road Town,1,VG,1545558780,90,18.42,-64.62,73.94,5.82
Saint Augustine,1,US,1545558900,97,40.72,-90.41,30.02,5.57
Poum,56,NC,1545560576,95,-20.23,164.02,83.11,9.44
Glendive,1,US,1545560100,84,47.11,-104.71,15.98,6.93
Naze,75,JP,1545559200,82,28.37,129.48,68,18.34
Clyde River,1,CA,1545559200,68,70.47,-68.59,-18.41,5.82
Kijang,20,ID,1545559200,79,0.9,104.63,84.2,4.7
Nikolskoye,75,RU,1545559200,92,59.7,30.79,23,8.95
Victoria,40,SC,1545559200,78,-4.62,55.45,82.4,8.05
Ust-Tsilma,0,RU,1545560591,82,65.44,52.15,-4.73,6.24
Caravelas,0,BR,1545560593,100,-17.73,-39.27,79.69,21.23
Husavik,56,IS,1545560595,100,66.04,-17.34,26.91,5.79
Idanre,0,NG,1545560597,40,7.11,5.11,83.38,4.23
Onoda,20,JP,1545559200,81,34,131.18,51.8,3.36
Kaitangata,0,NZ,1545560601,72,-46.28,169.85,54.49,7.09
Honiara,92,SB,1545560603,100,-9.43,159.96,76.23,2.33
Vera Cruz,88,BR,1545560606,90,-22.22,-49.82,70.2,6.02
Daugavpils,92,LV,1545560610,94,55.88,26.53,26.91,12.57
Muncar,80,ID,1545560612,99,-8.43,114.34,78.7,4.63
Ranong,40,TH,1545559200,79,9.96,98.62,86,3.36
Wrzesnia,75,PL,1545559200,100,52.33,17.57,39.2,9.17
Bria,0,CF,1545560620,33,6.54,21.99,81.22,14.36
Simga,0,IN,1545559200,31,21.63,81.7,77,3.36
Polis,40,CY,1545559200,67,35.04,32.42,62.6,3.36
Sao Joao da Barra,0,BR,1545559200,83,-21.64,-41.05,78.8,4.7
Cherskiy,20,RU,1545560631,69,68.75,161.3,-35.87,2.51
Vardo,20,NO,1545558600,78,70.37,31.11,12.2,16.11
Talcahuano,20,CL,1545559200,100,-36.72,-73.12,50,4.7
Sungairaya,68,ID,1545560638,72,0.7,108.9,83.56,5.41
Hamilton,75,BM,1545558900,82,32.3,-64.78,66.2,5.82
Belmonte,100,BR,1545560642,100,-26.84,-53.58,67.41,3.51
Tara,0,RU,1545560644,56,56.9,74.37,-10.85,9.04
Cap Malheureux,75,MU,1545559200,58,-19.98,57.61,86,18.34
Andenes,90,NO,1545558600,100,69.31,16.12,33.8,4.7
Mahebourg,75,MU,1545559200,58,-20.41,57.7,86,18.34
Monteagudo,90,BO,1545559200,100,-19.8,-63.96,68,1.61
Carnarvon,24,AU,1545559200,65,-24.87,113.63,80.6,12.75
Muzhi,0,RU,1545560659,65,65.4,64.7,-21.88,14.85
Norman Wells,40,CA,1545555600,74,65.28,-126.83,-23.81,3.36
Ferme-Neuve,8,CA,1545560663,62,46.7,-75.45,11.65,5.64
Peleduy,44,RU,1545560665,58,59.63,112.75,-12.83,4.29
Jimma,12,ET,1545560667,54,7.67,36.84,72.4,1.88
Nenjiang,0,CN,1545560670,36,49.17,125.23,3.51,10.94
Fort Smith,1,US,1545560100,80,35.39,-94.42,44.06,9.17
Kodinsk,0,RU,1545560493,48,58.6,99.18,-29.53,5.01
Byron Bay,40,AU,1545559200,64,-28.65,153.62,71.6,12.75
Alofi,100,NU,1545555600,78,-19.06,-169.92,80.6,10.29
Namibe,0,AO,1545555600,69,-15.19,12.15,77,5.82
Pisco,20,PE,1545559200,93,-13.71,-76.2,66.2,10.29
Srednekolymsk,8,RU,1545560686,51,67.46,153.71,-30.38,2.33
Nkhotakota,92,MW,1545560689,100,-12.93,34.3,69.88,4.23
Ballina,0,IE,1545559200,100,54.11,-9.15,41,6.93
Fortuna,90,US,1545558900,100,40.6,-124.16,51.98,13.87
Karratha,0,AU,1545560696,14,-20.74,116.85,106.78,10.6
The Valley,20,AI,1545559200,78,18.22,-63.06,77,8.05
Matagami,90,CA,1545559200,92,49.76,-77.63,6.8,9.17
East London,40,ZA,1545559200,78,-33.02,27.91,77,26.4
Vestmannaeyjar,40,IS,1545559200,100,63.44,-20.27,35.6,4.7
Nichinan,20,JP,1545559200,72,31.65,131.31,59,6.93
Hobyo,88,SO,1545560713,77,5.35,48.53,80.28,19.17
Iguape,56,BR,1545560715,100,-24.7,-47.56,75.64,4.74
Sainte-Thecle,90,CA,1545559200,67,46.82,-72.5,21.2,5.82
Marawi,8,SD,1545560722,45,18.48,31.82,72.9,9.6
Victor Harbor,0,AU,1545559200,19,-35.55,138.62,75.2,5.82
Kaeo,92,NZ,1545560727,97,-35.1,173.78,65.16,9.66
Sur,88,OM,1545560729,100,22.57,59.53,71.41,10.89
Kavieng,64,PG,1545560734,100,-2.57,150.8,84.1,3.56
Mehamn,88,NO,1545560736,100,71.03,27.85,18.76,8.37
Atar,0,MR,1545560739,31,20.52,-13.05,62.55,16.08
Souillac,75,MU,1545559200,58,-20.52,57.52,86,18.34
Torbay,90,CA,1545559980,100,47.66,-52.73,44.6,19.46
Santa Cruz,0,CR,1545560746,71,10.26,-85.58,77.62,17.83
Dukat,44,RU,1545560749,48,62.55,155.55,-31.33,2.73
Guymon,90,US,1545559920,85,36.68,-101.48,30.92,4.7
Najran,0,SA,1545560753,31,17.54,44.22,69.61,5.57
Deputatskiy,20,RU,1545560755,0,69.3,139.9,-41.54,2.62
Sabha,20,LY,1545560757,63,27.03,14.43,53.01,5.86
Leningradskiy,20,RU,1545560760,100,69.38,178.42,-19.22,7.09
Katsuura,75,JP,1545559200,82,33.93,134.5,57.2,9.17
Kimbe,88,PG,1545560766,100,-5.56,150.15,81.63,2.28
Arada,32,HN,1545560768,94,14.85,-88.3,57.37,1.88
Port Lincoln,0,AU,1545560770,63,-34.72,135.86,72.76,3.56
Ushtobe,0,KZ,1545560773,78,45.25,77.98,19.26,2.77
Miranda,64,BR,1545560775,92,-20.24,-56.38,74.74,2.06
Oxford,80,CA,1545560778,94,45.73,-63.86,35.95,10.67
Yumen,0,CN,1545560780,87,40.29,97.04,12.28,4.79
Gagret,0,IN,1545560785,65,31.66,76.06,61.38,3.78
Sioux Lookout,90,CA,1545559620,85,50.1,-91.92,17.6,4.7
Bira,44,RU,1545560790,57,49,132.47,1.39,7.14
Muros,0,ES,1545559200,81,42.77,-9.06,51.8,9.17
Banda Aceh,44,ID,1545560795,68,5.56,95.32,84.91,4.29
Hede,0,CN,1545560798,70,33.77,120.25,44.5,9.04
Chupa,76,RU,1545560800,85,66.27,33.05,4.95,2.89
San Patricio,8,MX,1545560802,99,19.22,-104.7,57.28,5.23
Manta,75,EC,1545559200,83,-0.95,-80.73,77,6.8
Evensk,8,RU,1545560807,100,61.92,159.24,-0.32,12.95
Soe,92,ID,1545560810,97,-9.86,124.28,71.05,0.83
Geraldton,24,AU,1545559200,57,-28.77,114.6,80.6,14.99
Olga,0,RU,1545560815,38,43.74,135.29,14.58,8.25
Upernavik,88,GL,1545560817,100,72.79,-56.15,0.76,16.37
Paamiut,92,GL,1545560820,93,61.99,-49.67,34.51,46.28
Te Anau,0,NZ,1545560824,69,-45.41,167.72,50.53,2.28
Teguise,0,ES,1545559200,56,29.06,-13.56,68,19.46
Kiunga,56,PG,1545560836,65,-6.12,141.3,85.86,2.51
Osakarovka,48,KZ,1545560839,73,50.56,72.58,-0.23,5.53
Menongue,12,AO,1545560841,73,-14.66,17.68,76.5,3.62
Partizanskoye,88,RU,1545560844,82,53.35,78.35,3.73,6.24
Mao,8,TD,1545560846,27,14.12,15.31,70.33,20.67
Gencsapati,75,HU,1545560100,61,47.28,16.6,50,6.93
Northam,12,AU,1545559200,42,-31.65,116.67,80.6,10.29
Port Blair,8,IN,1545560854,100,11.67,92.75,83.47,10.27
Batagay-Alyta,0,RU,1545560857,0,67.8,130.41,-51.89,2.73
Yantzaza,56,EC,1545560859,100,-3.83,-78.76,59.4,2.21
Vila Franca do Campo,40,PT,1545557400,87,37.72,-25.43,60.8,5.82
Berdigestyakh,68,RU,1545560864,57,62.1,126.7,-20.03,3.78
Shu,76,KZ,1545560867,78,43.6,73.76,21.96,4.63
Riyadh,36,SA,1545560606,48,24.63,46.72,62.77,4.56
Qaqortoq,92,GL,1545560572,96,60.72,-46.03,33.88,26.93
Puerto Escondido,0,MX,1545560873,100,15.86,-97.07,78.07,7.25
Cidreira,8,BR,1545560876,96,-30.17,-50.22,67.72,4.9
Dingle,90,IE,1545555600,100,52.14,-10.27,51.8,5.82
Huazhou,92,CN,1545560881,79,21.65,110.64,73.71,7.02
Varangaon,0,IN,1545560883,43,21.01,75.91,81.22,6.91
Dabhol,0,IN,1545560885,69,17.6,73.17,85.99,3.4
Umm Lajj,8,SA,1545560888,68,25.02,37.27,79.15,8.81
Praya,75,ID,1545559200,78,-8.71,116.27,82.4,6.93
Razdolinsk,0,RU,1545560893,31,58.42,94.62,-21.43,5.41
Bojnurd,20,IR,1545559200,70,37.47,57.33,42.8,3.11
Luanda,75,AO,1545559200,62,-8.83,13.24,84.2,8.05
Jizan,0,SA,1545560904,83,16.89,42.56,83.74,6.87
Kajaani,64,FI,1545560400,77,64.22,27.73,6.8,3.36
Kota Belud,75,MY,1545559200,83,6.35,116.43,84.2,5.82
Orshanka,88,RU,1545560911,87,56.92,47.89,10.39,10.6
Arang,0,IN,1545559200,31,21.2,81.97,77,3.36
Chabahar,68,IR,1545560838,100,25.29,60.65,69.75,10.6
Amol,56,IR,1545560921,100,36.47,52.35,50.17,7.02
Chumikan,68,RU,1545560923,72,54.72,135.31,3.64,15.3
Tutoia,88,BR,1545560926,100,-2.76,-42.27,72.9,5.35
Pacific Grove,1,US,1545558900,83,36.62,-121.92,46.94,8.05
Cobija,75,BO,1545559200,94,-11.03,-68.77,75.2,2.89
Tazovskiy,76,RU,1545560934,43,67.47,78.7,-26.83,19.84
Carutapera,80,BR,1545560937,94,-1.2,-46.02,77.8,7.25
Xingcheng,0,CN,1545560939,47,40.62,120.71,18.81,4
Ramsar,20,IR,1545559200,71,36.92,50.64,55.4,9.17
Vinh,36,VN,1545560828,89,18.67,105.69,74.43,8.88
Bulembu,92,SZ,1545559200,73,-25.95,31.13,77,4.7
Ellsworth,1,US,1545558960,65,44.54,-68.42,30.02,13.87
Klaksvik,64,FO,1545558600,100,62.23,-6.59,35.6,5.82
San Ramon,75,BO,1545559200,94,-13.27,-64.62,77,4.56
Ylivieska,80,FI,1545560956,79,64.07,24.53,4.54,2.84
Birao,0,CF,1545560958,20,10.3,22.78,77.08,16.2
Alice Springs,0,AU,1545559200,7,-23.7,133.88,86,9.17
Voznesenskoye,88,RU,1545560962,86,54.89,42.76,15.25,7.25
Aguimes,0,ES,1545559200,56,27.91,-15.45,69.8,11.41
Meulaboh,12,ID,1545560969,100,4.14,96.13,83.16,10.33
Lompoc,1,US,1545560100,96,34.64,-120.46,48.02,3.78
Gladstone,0,AU,1545559200,57,-23.84,151.26,77,17.22
Arraial do Cabo,20,BR,1545559200,88,-22.97,-42.02,78.8,3.85
Vallenar,0,CL,1545560979,77,-28.58,-70.76,52.65,2.06
Acapulco,40,MX,1545558000,78,16.86,-99.88,71.6,6.93
Ahipara,92,NZ,1545560984,98,-35.17,173.16,66.6,9.82
Dunedin,0,NZ,1545560986,80,-45.87,170.5,51.48,8.25
Itoman,75,JP,1545559200,64,26.12,127.67,73.4,20.8
Vung Tau,92,VN,1545560990,100,10.35,107.08,75.19,8.81
Yar-Sale,12,RU,1545560992,75,66.83,70.83,-24.53,21.85
Conde,92,BR,1545560964,88,-11.81,-37.61,78.48,6.31
Puteyets,12,RU,1545560998,75,65.17,57.09,0.49,9.55
Podosinovets,76,RU,1545561084,79,60.28,47.06,4.33,7.11
Havelock,1,US,1545559320,100,34.88,-76.9,37.94,3.89
Ulaangom,32,MN,1545561008,42,49.98,92.07,-18.04,0.89
Revelstoke,90,CA,1545559200,92,50.99,-118.19,26.6,4.7
Baruun-Urt,0,MN,1545561012,60,46.68,113.28,-0.89,13.15
Wanaka,0,NZ,1545561095,88,-44.7,169.14,41.28,0.56
Bonavista,64,CA,1545561016,81,48.65,-53.11,43.17,17.85
Pringsewu,76,ID,1545561019,88,-5.36,104.98,75.79,2.64
Gravdal,0,NO,1545558600,92,59.79,5.78,30.2,3.36
Havre-Saint-Pierre,90,CA,1545559920,86,50.23,-63.6,28.4,25.28
Mangrol,0,IN,1545561027,46,25.33,76.51,69.67,2.53
Pangnirtung,8,CA,1545561029,65,66.15,-65.72,-14.84,2.86
Los Llanos de Aridane,0,ES,1545559200,33,28.66,-17.92,75.2,24.16
Ambilobe,48,MG,1545561034,92,-13.19,49.05,79.53,13.2
Mount Gambier,0,AU,1545559200,67,-37.83,140.78,62.6,3.36
Port Elizabeth,20,ZA,1545559200,69,-33.92,25.57,78.8,9.17
Vieste,0,IT,1545561040,100,41.88,16.18,58.83,1.86
Kavaratti,20,IN,1545561042,100,10.57,72.64,83.67,9.95
Bilma,0,NE,1545561045,41,18.69,12.92,69.31,7.83
Maroantsetra,64,MG,1545561047,81,-15.43,49.74,82,1.41
Rock Springs,90,US,1545558840,70,41.59,-109.2,14,10.29
Uruzgan,44,AF,1545561051,79,32.93,66.63,27.87,2.13
Kroya,88,ID,1545561053,99,-6.5,108.06,71.43,2.8
Viedma,0,AR,1545561057,41,-40.81,-62.99,77.1,15.32
Bay Roberts,90,CA,1545559980,100,47.58,-53.28,44.6,19.46
Gornopravdinsk,0,RU,1545561070,33,60.06,69.92,-22.18,4.03
Aykhal,0,RU,1545561072,0,65.95,111.51,-56.11,2.75
General Pico,0,AR,1545561074,59,-35.66,-63.75,76.6,13.09
Upata,0,VE,1545561078,79,8.02,-62.41,71.38,5.55
Paita,8,PE,1545561081,88,-5.09,-81.11,70.39,6.78
Kokkola,90,FI,1545560400,85,63.84,23.13,12.2,1.12
Faro,0,PT,1545559200,76,37.02,-7.94,57.2,8.05
Uray,0,RU,1545561087,70,60.13,64.8,-23.03,3.42
Kampong Thum,12,KH,1545561089,59,12.71,104.89,83.8,6.55
San Vicente,92,PH,1545561092,100,14.11,122.87,79.57,20.58
Chapada dos Guimaraes,0,BR,1545559200,94,-15.46,-55.75,77,2.24
Guangyuan,88,CN,1545561098,85,32.43,105.86,37.5,1.9
Keflavik,75,IS,1545559200,100,64,-22.56,35.6,9.17
Almaznyy,75,RU,1545559200,93,48.03,40.04,44.6,8.95
Sindor,32,RU,1545561109,70,62.87,51.9,-5.48,7.83
Vanimo,92,PG,1545561111,100,-2.67,141.3,84.61,17.4
Mahibadhoo,24,MV,1545561113,100,3.78,72.97,82.81,4.25
Shar,88,KZ,1545561115,76,49.59,81.05,-0.49,4.36
Comodoro Rivadavia,0,AR,1545560951,84,-45.87,-67.48,60.03,22.91
Nakapiripirit,8,UG,1545561119,57,1.81,34.71,78.85,10.13
Guiyang,90,CN,1545559200,87,26.58,106.71,44.6,6.71
Pierre,1,US,1545558780,77,44.37,-100.35,24.08,11.41
Ondjiva,0,AO,1545555600,35,-17.07,15.73,89.6,3.36
Maragogi,68,BR,1545560944,94,-9.01,-35.22,77.13,5.23
Constitucion,8,MX,1545561130,65,23.99,-104.67,28.36,3.76
Christchurch,0,NZ,1545559200,76,-43.53,172.64,51.8,10.29
Agidel,92,RU,1545561134,88,55.9,53.94,10.36,10.36
Kang,44,BW,1545561136,32,-23.67,22.79,95.73,11.07
Pangkalanbuun,44,ID,1545561138,85,-2.68,111.62,78,7.56
Kokopo,80,PG,1545561141,100,-4.34,152.27,76.6,1.23
Touros,20,BR,1545559200,88,-5.2,-35.46,80.6,6.93
San Cristobal,36,EC,1545561145,100,-1.02,-79.44,57.52,1.57
San Francisco,0,AR,1545561014,51,-31.43,-62.08,79.84,6.04
Coahuayana,0,MX,1545561149,74,18.62,-100.35,42.9,1.86
Omboue,36,GA,1545561151,100,-1.57,9.26,80.02,5.66
Porto Novo,92,CV,1545559200,78,17.02,-25.06,75.2,12.75
Devils Lake,90,US,1545560100,80,48.11,-98.87,15.8,12.75
Hami,0,CN,1545561157,57,42.84,93.51,1.27,3.53
Katherine,64,AU,1545559200,55,-14.47,132.26,91.4,5.82
Kokoshkino,90,RU,1545559200,79,55.6,37.17,19.4,8.95
Rafaela,0,AR,1545561048,55,-31.25,-61.49,79.21,4.76
Cayenne,90,GF,1545559200,94,4.94,-52.33,73.4,6.93
Xichang,0,CN,1545561170,47,27.88,102.25,43.62,2.01
Guasdualito,76,VE,1545561172,84,7.24,-70.73,73.72,3.65
Vestmanna,80,FO,1545558600,100,62.16,-7.17,35.6,5.82
Ercis,40,TR,1545558600,52,39.03,43.36,41,5.82
Nalut,0,LY,1545561179,64,31.86,10.98,60.4,4.36
Cam Ranh,40,VN,1545559200,78,11.92,109.15,80.6,10.29
Saldanha,0,ZA,1545555600,61,-33.01,17.94,77,11.41
Santa Marta,0,CO,1545561185,100,11.24,-74.21,78.27,33.78
Russell,100,NZ,1545561187,99,-35.26,174.12,64.81,10.58
Minab,20,IR,1545559200,53,27.15,57.07,77,11.41
Asyut,24,EG,1545561194,49,27.18,31.19,68.05,8.9
Kosh-Agach,20,RU,1545561196,38,49.99,88.66,-17.18,3.31
Cabra,100,PH,1545561198,100,13.89,120.05,77.1,20.87
Hirara,75,JP,1545559200,83,24.8,125.28,73.4,18.34
Duldurga,24,RU,1545561204,63,50.67,113.59,-5.48,5.32
Terme,75,TR,1545558600,47,41.21,36.97,59,4.7
Salinas,12,EC,1545561208,94,0.49,-78.13,36.87,1.86
Guerrero Negro,0,MX,1545561211,100,27.97,-114.04,47.67,2.86
Sola,76,VU,1545561213,100,-13.88,167.55,81.78,11.92
Richards Bay,56,ZA,1545561217,86,-28.77,32.06,75.48,10.69
Karachi,0,PK,1545558900,15,24.87,67.03,78.8,4.7
Mogapi,20,BW,1545559200,46,-22.32,27.84,91.4,4.7
Oranjemund,68,NA,1545561223,92,-28.55,16.43,64.54,13.2
Sinnamary,100,GF,1545561226,100,5.38,-52.96,74.89,7.34
Zhigansk,20,RU,1545561228,50,66.77,123.37,-30.14,10.69
Shingu,75,JP,1545559200,76,33.72,135.99,57.2,10.29
Chadan,44,RU,1545561232,59,51.29,91.58,-10.52,2.53
Itarema,92,BR,1545561234,100,-2.92,-39.92,73.23,6.67
Opuwo,8,NA,1545561236,30,-18.06,13.84,93.12,10.47
Simao,0,CN,1545561238,81,22.76,100.79,51.9,1.63
Thinadhoo,0,MV,1545561241,100,0.53,72.93,82.27,5.82
Sisimiut,92,GL,1545561243,100,66.94,-53.67,20.71,2.13
Celestun,8,MX,1545561245,100,20.87,-90.4,67.15,13.09
Mareeba,80,AU,1545559200,79,-16.99,145.42,84.2,11.41
Tautira,20,PF,1545559200,74,-17.73,-149.15,82.4,3.36
Benguela,24,AO,1545561250,91,-12.58,13.4,79.93,10.4
Natal,40,BR,1545559200,78,-5.81,-35.21,80.6,6.93
Puri,0,IN,1545559200,34,19.8,85.85,78.8,1.12
Yaring,20,TH,1545559200,70,6.87,101.37,86,8.05
Quatre Cocos,75,MU,1545559200,58,-20.21,57.76,86,18.34
Puerto Maldonado,76,PE,1545561272,92,-12.59,-69.19,76.6,2.8
Walvis Bay,0,NA,1545559200,50,-22.95,14.51,77,8.05
Notre-Dame-du-Lac,20,CA,1545558780,61,47.61,-68.8,21.02,18.34
Iquitos,0,PE,1545559200,94,-3.75,-73.25,73.4,2.3
Aklavik,90,CA,1545560100,76,68.22,-135.01,-5.81,2.24
Ouro Preto do Oeste,44,BR,1545561283,93,-10.75,-62.22,76.42,3.02
Bouar,0,CF,1545561287,28,5.94,15.59,86.05,13.38
Manzhouli,8,CN,1545561289,56,49.6,117.43,-7.1,7.9
Maku,0,IR,1545561294,53,39.29,44.45,37.27,3.87
Bathsheba,75,BB,1545559200,83,13.22,-59.52,75.2,20.8
Tacuarembo,0,UY,1545561300,90,-31.73,-55.98,72.28,4.88
Ambunti,56,PG,1545561302,88,-4.22,142.82,80.02,3.13
Barcelos,32,BR,1545561304,94,-0.97,-62.93,75.25,3.91
Guarapari,20,BR,1545559200,74,-20.67,-40.5,80.6,14.99
La Spezia,40,IT,1545560100,93,44.11,9.83,57.2,2.24
La Ronge,20,CA,1545559200,84,55.1,-105.3,1.4,6.93
Teresina,0,BR,1545559200,83,-5.09,-42.81,78.8,5.82
Pravdinskiy,90,RU,1545559200,85,56.06,37.86,19.4,11.18
Arrifes,20,PT,1545559200,82,37.77,-25.7,62.6,5.82
Yinchuan,0,CN,1545561321,65,38.48,106.21,5.73,3.31
Chekhov,90,RU,1545559200,92,55.14,37.45,19.4,11.18
Qasigiannguit,88,GL,1545558600,92,68.82,-51.19,23,12.75
Ancud,36,CL,1545559200,100,-41.87,-73.83,42.8,2.24
Flinders,0,AU,1545561332,90,-34.58,150.85,58.42,3.02
Swellendam,12,ZA,1545559200,51,-34.02,20.44,84.2,10.29
Orlik,48,RU,1545561336,56,52.51,99.83,1.27,7.11
Port-Gentil,75,GA,1545559200,83,-0.72,8.78,84.2,12.75
Kendari,44,ID,1545561340,74,-3.99,122.52,79.62,6.38
Beringovskiy,44,RU,1545561342,100,63.05,179.32,-6.38,13.94
Mundargi,0,IN,1545561347,56,15.22,75.9,81.46,6.82
Hwange,0,ZW,1545561349,37,-18.35,26.5,94.24,7.45
Sutysky,75,UA,1545559200,93,49.05,28.42,33.8,17.9
Noumea,56,NC,1545559200,78,-22.28,166.46,78.8,4.7
Wasilla,1,US,1545559080,87,61.58,-149.44,23,3.36
Bambous Virieux,75,MU,1545559200,58,-20.34,57.76,86,18.34
Lorengau,56,PG,1545561363,100,-2.02,147.27,79.35,7.67
Mawlamyine,36,MM,1545561366,67,16.49,97.63,84.25,2.42
Hamada,75,JP,1545559200,66,34.9,132.08,53.6,6.93
Ambulu,44,ID,1545561370,100,-8.35,113.61,76.47,5.82
Irbeyskoye,20,RU,1545561372,82,55.64,95.45,-5.44,9.84
Shelburne,90,CA,1545559200,86,44.08,-80.2,30.2,2.24
Izumo,75,JP,1545559200,81,35.37,132.75,51.8,5.82
Gaeta,40,IT,1545558900,82,41.22,13.56,60.8,1.9
Kawalu,88,ID,1545561380,99,-7.38,108.21,67.87,2.08
Havoysund,75,NO,1545560400,100,71,24.66,33.8,14.99
Tiebissou,90,CI,1545555600,94,7.16,-5.23,75.2,4.7
Portland,0,AU,1545561387,89,-33.35,149.98,51.76,2.57
Ishigaki,75,JP,1545559200,88,24.34,124.16,71.6,26.4
Pinsk,56,BY,1545561391,86,52.11,26.1,29.08,18.63
Inhambane,75,MZ,1545555600,69,-23.87,35.38,80.6,5.82
Zatoka,90,UA,1545559200,74,49.85,23.68,35.6,11.18
Boende,12,CD,1545561402,64,-0.28,20.88,86.55,1.57
Yegorlykskaya,92,RU,1545561404,97,46.56,40.65,45.33,16.33
Mongo,8,TD,1545561406,21,12.18,18.69,86.95,6.04
Khasan,0,RU,1545561408,100,42.43,130.64,19.68,15.95
Magugu,48,TZ,1545561410,90,-4.02,35.77,74.4,2.35
Thunder Bay,90,CA,1545559200,100,48.41,-89.26,21.2,12.75
Misratah,76,LY,1545561415,83,32.38,15.09,64.99,13.49
Beloha,0,MG,1545561417,30,-25.17,45.06,86.82,13.94
Awjilah,0,LY,1545561419,49,29.14,21.3,67.38,8.39
Libreville,40,GA,1545559200,83,0.39,9.45,84.2,5.82
Heidelberg,12,ZA,1545561423,25,-26.5,28.36,90.6,11.18
Finnsnes,75,NO,1545560400,92,69.23,17.98,32,3.09
Rafai,0,CF,1545561427,41,4.95,23.92,86.95,10.63
Whitehorse,90,CA,1545559200,84,60.72,-135.06,-2.21,2.42
Mankono,0,CI,1545561432,68,8.06,-6.19,85.24,5.37
Fereydunshahr,0,IR,1545561434,28,32.94,50.12,38.58,4.36
Axim,0,GH,1545561438,93,4.87,-2.24,85.38,6.82
Arkhangelsk,20,RU,1545559200,84,64.54,40.54,5,6.71
Dong Hoi,20,VN,1545561442,99,17.48,106.6,75.25,11.59
Yafran,0,LY,1545561445,61,32.06,12.53,57.48,5.77
Kharp,24,RU,1545561447,41,66.82,65.8,-26.36,9.13
Manicore,24,BR,1545561449,86,-5.81,-61.3,78.9,2.91
Port Augusta,0,AU,1545559200,33,-32.49,137.76,77,5.82
Hovd,32,MN,1545561455,55,48.01,91.64,-14.53,2.01
Tilichiki,88,RU,1545561457,70,60.47,166.1,-10.34,9.17
Megion,0,RU,1545559200,65,61.04,76.11,-34.61,4.47
Bubaque,0,GW,1545561461,93,11.28,-15.83,82.23,10.85
York,75,GB,1545560400,100,53.96,-1.08,44.6,1.12
Igarka,76,RU,1545561466,44,67.47,86.57,-27.49,13.65
Hofn,0,IS,1545561468,100,64.25,-15.21,37.45,5.44
Semirom,0,IR,1545561470,17,31.41,51.57,43.39,5.32
